{"cameraMode":{"drawMode":0,"name":"Shaded","section":"Shading Mode"},"sceneLighting":false,"audioPlay":false,"sceneViewState":{"m_AlwaysRefresh":false,"showFog":true,"showSkybox":false,"showFlares":true,"showImageEffects":true,"showParticleSystems":true,"showVisualEffectGraphs":true,"m_FxEnabled":true},"in2DMode":false,"pivot":{"x":13.513148307800293,"y":-4.275008201599121,"z":-9.554906845092774},"rotation":{"x":0.048922281712293628,"y":-0.9502820372581482,"z":0.19659240543842317,"w":0.2364797443151474},"size":16.809341430664064,"orthographic":false}