{"cameraMode":{"drawMode":0,"name":"Shaded","section":"Shading Mode"},"sceneLighting":true,"audioPlay":false,"sceneViewState":{"m_AlwaysRefresh":false,"showFog":true,"showSkybox":true,"showFlares":true,"showImageEffects":true,"showParticleSystems":true,"showVisualEffectGraphs":true,"m_FxEnabled":true},"in2DMode":false,"pivot":{"x":-0.29666125774383547,"y":2.482156276702881,"z":41.42034912109375},"rotation":{"x":0.19355051219463349,"y":0.047351688146591189,"z":-0.009362109005451203,"w":0.9799556732177734},"size":30.356571197509767,"orthographic":true}