{"cameraMode":{"drawMode":0,"name":"Shaded","section":"Shading Mode"},"sceneLighting":true,"audioPlay":false,"sceneViewState":{"m_AlwaysRefresh":false,"showFog":true,"showSkybox":true,"showFlares":true,"showImageEffects":true,"showParticleSystems":true,"showVisualEffectGraphs":true,"m_FxEnabled":true},"in2DMode":false,"pivot":{"x":-5.70303201675415,"y":2.820613145828247,"z":0.06788122653961182},"rotation":{"x":0.22303254902362824,"y":-0.025733452290296556,"z":0.005879590287804604,"w":0.9744700789451599},"size":35.948822021484378,"orthographic":true}